{
    "faithfulness": 0.9464285714285714,
    "answer_relevancy": 0.927422002270076,
    "context_precision": 0.5114583333161719,
    "context_recall": 0.75
}